No,Keyword,Volume,Position,Estimated Visits,Search Difficulty,Ranking URL
1,chain accelerator,50,1,25,62,http://on-x.com/services/blockchain
2,armoire ftth,40,7,4,35,http://on-x.com/inst'AR/
3,pentest,5400,15,3,43,http://on-x.com/pentest
4,site x,40500,41,3,74,http://on-x.com/
5,territoires numériques,1300,16,3,62,http://on-x.com/nos-poles/territoire-numerique
6,x france,2900,14,3,75,http://on-x.com/
7,air force one ricard,480,24,2,50,http://on-x.com/notre-societe/notre-historique
8,e radio,590,20,2,62,http://on-x.com/carriere/nos-offres-d-emploi/ingenieure-radio-et-telecom
9,site de x,260,10,2,57,http://on-x.com/
10,territoire numérique,1000,16,2,59,http://on-x.com/nos-poles/territoire-numerique
11,x consulting,50,13,2,51,http://on-x.com/
12,bureau d'étude fibre optique,110,10,1,33,http://on-x.com/carriere/nos-offres-d-emploi/technicienne-sig-en-bureau-detudes-fibre-optique-hf
13,cert csirt,50,14,1,61,http://on-x.com/cert
14,chain x,170,11,1,61,http://on-x.com/services/blockchain
15,csirt cert,50,14,1,66,http://on-x.com/cert
16,dpo 15,90,11,1,49,http://on-x.com/dpo-les-bons-tuyaux/
17,groupe logo,140,19,1,63,http://on-x.com/
18,les bon tuyaux,140,13,1,66,http://on-x.com/dpo-les-bons-tuyaux/
19,les bons tuyaux,390,17,1,62,http://on-x.com/dpo-les-bons-tuyaux/
20,logo on,210,12,1,71,http://on-x.com/
